{
	"SEGMENT MSH": {
		"description": "Message Header",
		"long-description": "The MSH segment defines the intent, source, destination, and some specifics of the syntax of a message.",
		"from": "2.24.1",
		"constituents": [{
			"description": "Field Separator",
			"type": "ST",
			"length": 1,
			"optionality": "R"
		},
		{
			"description": "Encoding Characters",
			"type": "ST",
			"length": 4,
			"optionality": "R"
		},
		{
			"description": "Sending Application",
			"type": "HD",
			"length": 180,
			"optionality": "O"
		},
		{
			"description": "Sending Facility",
			"type": "HD",
			"length": 180,
			"optionality": "O"
		},
		{
			"description": "Receiving Application",
			"type": "HD",
			"length": 180,
			"optionality": "O"
		},
		{
			"description": "Receiving Facility",
			"type": "HD",
			"length": 180,
			"optionality": "O"
		},
		{
			"description": "Date/Time Of Message",
			"type": "TS",
			"length": 26,
			"optionality": "O"
		},
		{
			"description": "Security",
			"type": "ST",
			"length": 40,
			"optionality": "O"
		},
		{
			"description": "Message Type",
			"type": "CM",
			"length": 7,
			"optionality": "R"
		},
		{
			"description": "Message Control ID",
			"type": "ST",
			"length": 20,
			"optionality": "R"
		},
		{
			"description": "Processing ID",
			"type": "PT",
			"length": 3,
			"optionality": "R"
		},
		{
			"description": "Version ID",
			"type": "ID",
			"length": 8,
			"optionality": "R",
			"table": "0104"
		},
		{
			"description": "Sequence Number",
			"type": "NM",
			"length": 15,
			"optionality": "O"
		},
		{
			"description": "Continuation Pointer",
			"type": "ST",
			"length": 180,
			"optionality": "O"
		},
		{
			"description": "Accept Acknowledgement Type",
			"type": "ID",
			"length": 2,
			"optionality": "O",
			"table": "0155"
		},
		{
			"description": "Application Acknowledgement Type",
			"type": "ID",
			"length": 2,
			"optionality": "O",
			"table": "0155"
		},
		{
			"description": "Country Code",
			"type": "ID",
			"length": 2,
			"optionality": "O"
		},
		{
			"description": "Character Set",
			"type": "ID",
			"length": 6,
			"optionality": "O",
			"repeatability": -1
		},
		{
			"type": "CE",
			"description": "Principle Language Of Message",
			"length": 60,
			"optionality": "O"
		}]
	}
}