{
	"TABLE 0076": {
		"description": "Message type",
		"long-description": "A list of message types usedto transmit data, queries, acknowledgements, etc. between systems.",
		"from": "2.24.1.9",
		"values": {
			"ACK": "General acknowledgement message",
			"ADR": "ADT response",
			"ADT": "ADT message",
			"ARD": "Ancillary RPT (for backward compatibility only)",
			"BAR": "Add/change billing account",
			"CRM": "Clinical study registration",
			"CSU": "Unsolicited clinical study data",
			"DFT": "Detail financial transaction",
			"DSR": "Display response",
			"EDR": "Enhanced display response",
			"ERP": "Event replay response",
			"EQQ": "Embedded query language query",
			"MCF": "Delayed Acknowledgement",
			"MDM": "Documentation message",
			"MFN": "Master files notification",
			"MFK": "Master files application acknowledgement",
			"MFD": "Master files delayed application acknowledgement",
			"MFQ": "Master files query",
			"MFR": "Master files query response",
			"ORF": "Observational result/record  response",
			"ORM": "Order message",
			"ORR": "Order acknowledgement response",
			"ORU": "Unsolicited observational result",
			"OSQ": "Order status query",
			"OSR": "Order status response",
			"PEX": "Product experience",
			"PGL": "Patient goal",
			"PIN": "Patient insurance information",
			"PPG": "Patient pathway (goal-oriented) message",
			"PPP": "Patient pathway (problem-oriented) message",
			"PPR": "Patient problem",
			"PPT": "Patient pathway (goal-oriented) response",
			"PPV": "Patient goal response",
			"PRR": "Patient problem response",
			"PTR": "Patient pathway (problem-oriented) response",
			"QCK": "Query general acknowledgement",
			"QRY": "Query, original Mode",
			"RAR": "Pharmacy administration information",
			"RAS": "Pharmacy administration message",
			"RCI": "Return clinical information",
			"RCL": "Return clinical list",
			"RDE": "Pharmacy encoded order message",
			"RDR": "Pharmacy dispense information",
			"RDS": "Pharmacy dispense message",
			"REF": "Patient referral",
			"RER": "Pharmacy encoded order information",
			"RGV": "Pharmacy give message",
			"RGR": "Pharmacy dose information",
			"ROR": "Pharmacy prescription order response",
			"RPA": "Return patient authorization",
			"RPI": "Return patient information",
			"RPL": "Return patient display list",
			"RPR": "Return patient list",
			"RQA": "Request patient authorization",
			"RQC": "Request clinical information",
			"RQI": "Request patient information",
			"RQP": "Request patient demographs",
			"RRA": "Pharmacy administration acknowledgement",
			"RRD": "Pharmacy dispense acknowledgement",
			"RRE": "Pharmacy encoded order acknowledgement",
			"RRG": "Pharmacy give acknowledgement",
			"RRI": "Return patient referral",
			"SIU": "Unsolicited schedule information",
			"SPQ": "Stored procedure report",
			"SQM": "Schedule request",
			"SQR": "Schedule query response",
			"SRM": "Schedule request",
			"SRR": "Scheduled request response",
			"SUR": "Sumary product experience report",
			"TBR": "Tabular data response",
			"UDM": "Unsolicited display message",
			"VQQ": "Virtual table query",
			"VXQ":  "Queery for vaccination record",
			"VXX": "Vaccination query response with multiple PID matches",
			"VXR": "Vaccination query record response",
			"VXU": "Unsolicited vaccination record update"
		}
	}
}